<?xml version="1.0" encoding="UTF-8"?>

<process-diagram name="Classic" width="704" height="488">
  <node name="Start" x="196" y="6" width="140" height="40">
    <transition name="">
      <label x="5" y="-10"/>
    </transition>
  </node>
  <node name="Confirm Payment" x="200" y="77" width="140" height="40">
    <transition name="">
      <label x="5" y="-10"/>
    </transition>
  </node>
  <node name="Confirm Order" x="201" y="149" width="140" height="40">
    <transition name="">
      <label x="5" y="-10"/>
    </transition>
  </node>
  <node name="Stock Up" x="200" y="223" width="140" height="40">
    <transition name="">
      <label x="5" y="-10"/>
    </transition>
  </node>
  <node name="Packaging" x="201" y="292" width="140" height="40">
    <transition name="">
      <label x="5" y="-10"/>
    </transition>
  </node>
  <node name="Despatch" x="204" y="374" width="140" height="40">
    <transition name="">
      <label x="5" y="-10"/>
    </transition>
  </node>
  <node name="End" x="205" y="445" width="140" height="40"/>
</process-diagram>
