<?xml version="1.0" encoding="UTF-8"?>
<process-definition
  xmlns=""  name="Classic">
   <swimlane name="OrderConfirm">
	   <assignment config-type="bean" class="com.probiz.estore.jbpm.ProbizJbpmHandlerProxy">
    		<targetBean>jbpmAssignment</targetBean>
    		<factoryKey>jbpmConfiguration</factoryKey>
	   </assignment>
   </swimlane>
   
   <swimlane name="Buyer">
	   <assignment config-type="bean" class="com.probiz.estore.jbpm.ProbizJbpmHandlerProxy">
    		<targetBean>jbpmAssignment</targetBean>
    		<factoryKey>jbpmConfiguration</factoryKey>
	   </assignment>
   </swimlane>
   
    <swimlane name="Warehouseman">
	   <assignment config-type="bean" class="com.probiz.estore.jbpm.ProbizJbpmHandlerProxy">
    		<targetBean>jbpmAssignment</targetBean>
    		<factoryKey>jbpmConfiguration</factoryKey>
	   </assignment>
   </swimlane>
   
   <swimlane name="customer,Cashier">
	   <assignment config-type="bean" class="com.probiz.estore.jbpm.ProbizJbpmHandlerProxy">
    		<targetBean>jbpmAssignment</targetBean>
    		<factoryKey>jbpmConfiguration</factoryKey>
	   </assignment>
   </swimlane>
   
   <start-state name="Start">
      <transition name="" to="Confirm Payment">
      </transition>
   </start-state>
   
   <task-node name="Confirm Payment">
      <task name="payOrder" swimlane="customer,Cashier">
         <controller>
            <variable name="note" mapped-name="note"></variable>
         </controller>
      </task>
      <event type="node-leave">
         <action name="payOrderAction" config-type="bean" 
      		class="com.probiz.estore.jbpm.ProbizJbpmHandlerProxy">
    		<targetBean>jbpmAction</targetBean>
    		<factoryKey>jbpmConfiguration</factoryKey>
    		<methodName>payOrder</methodName>
         </action>
      </event>
      <transition name="" to="Confirm Order">
      </transition>
   </task-node>
   <task-node name="Confirm Order">
      <task name="startHandle" swimlane="OrderConfirm">
         <controller>
            <variable name="备注" access="read,write,required"></variable>
         </controller>
      </task>
       <event type="node-leave">
         <action name="startHandleAction" config-type="bean" 
      		class="com.probiz.estore.jbpm.ProbizJbpmHandlerProxy">
    		<targetBean>jbpmAction</targetBean>
    		<factoryKey>jbpmConfiguration</factoryKey>
    		<methodName>startHandle</methodName>
         </action>
      </event>
      <transition name="" to="Stock Up"></transition>
   </task-node>
   <task-node name="Stock Up">
    	<task name="stock" swimlane="Buyer">
    	</task>
    	<event type="node-leave">
         <action name="stockAction" config-type="bean" 
      		class="com.probiz.estore.jbpm.ProbizJbpmHandlerProxy">
    		<targetBean>jbpmAction</targetBean>
    		<factoryKey>jbpmConfiguration</factoryKey>
    		<methodName>stockUp</methodName>
         </action>
      </event>
      <transition name="" to="Packaging">
      </transition>
   </task-node>
   <task-node name="Packaging">
      <task name="pack" swimlane="Warehouseman">
      </task>
      <event type="node-leave">
         <action name="packAction" config-type="bean" 
      		class="com.probiz.estore.jbpm.ProbizJbpmHandlerProxy">
    		<targetBean>jbpmAction</targetBean>
    		<factoryKey>jbpmConfiguration</factoryKey>
    		<methodName>pack</methodName>
         </action>
      </event>
      <transition name="" to="Despatch"></transition>
   </task-node>
   <task-node name="Despatch">
      <task name="shipping" swimlane="WarehousemanC:\Documents and Settings\ProBIZ\Desktop\fixed\new\order_payafter.zip">
      </task>
      <transition name="" to="End"></transition>
       <event type="node-leave">
         <action name="shippingAction" config-type="bean" 
      		class="com.probiz.estore.jbpm.ProbizJbpmHandlerProxy">
    		<targetBean>jbpmAction</targetBean>
    		<factoryKey>jbpmConfiguration</factoryKey>
    		<methodName>shipping</methodName>
         </action>
      </event>
   </task-node>
   <end-state name="End"></end-state>
</process-definition>