<?xml version="1.0" encoding="UTF-8"?>

<process-diagram name="COD" width="687" height="495">
  <node name="Start" x="202" y="14" width="140" height="40">
    <transition name="">
      <label x="5" y="-10"/>
    </transition>
  </node>
  <node name="Order Confirm" x="199" y="76" width="140" height="40">
    <transition name="">
      <label x="5" y="-10"/>
    </transition>
  </node>
  <node name="Stock Up" x="202" y="149" width="140" height="40">
    <transition name="">
      <label x="5" y="-10"/>
    </transition>
  </node>
  <node name="Packaging" x="201" y="228" width="140" height="40">
    <transition name="">
      <label x="5" y="-10"/>
    </transition>
  </node>
  <node name="Despatch" x="205" y="302" width="140" height="40">
    <transition name="">
      <label x="5" y="-10"/>
    </transition>
  </node>
  <node name="COD" x="206" y="373" width="140" height="40">
    <transition name="">
      <label x="5" y="-10"/>
    </transition>
  </node>
  <node name="End" x="206" y="452" width="140" height="40"/>
</process-diagram>
